date_key,order_date,day,day_name,week,month,month_name,quarter,year,is_weekend
1,2026-01-01,1,Thursday,1,1,January,Q1,2026,False
2,2026-01-02,2,Friday,1,1,January,Q1,2026,False
3,2026-01-03,3,Saturday,1,1,January,Q1,2026,True
4,2026-01-04,4,Sunday,1,1,January,Q1,2026,True
5,2026-01-05,5,Monday,2,1,January,Q1,2026,False
6,2026-01-06,6,Tuesday,2,1,January,Q1,2026,False
7,2026-01-07,7,Wednesday,2,1,January,Q1,2026,False
8,2026-01-08,8,Thursday,2,1,January,Q1,2026,False
9,2026-01-09,9,Friday,2,1,January,Q1,2026,False
10,2026-01-10,10,Saturday,2,1,January,Q1,2026,True
11,2026-01-11,11,Sunday,2,1,January,Q1,2026,True
12,2026-01-12,12,Monday,3,1,January,Q1,2026,False
13,2026-01-13,13,Tuesday,3,1,January,Q1,2026,False
14,2026-01-14,14,Wednesday,3,1,January,Q1,2026,False
15,2026-01-15,15,Thursday,3,1,January,Q1,2026,False
16,2026-01-16,16,Friday,3,1,January,Q1,2026,False
17,2026-01-17,17,Saturday,3,1,January,Q1,2026,True
18,2026-01-18,18,Sunday,3,1,January,Q1,2026,True
19,2026-01-19,19,Monday,4,1,January,Q1,2026,False
20,2026-01-20,20,Tuesday,4,1,January,Q1,2026,False
21,2026-01-21,21,Wednesday,4,1,January,Q1,2026,False
22,2026-01-22,22,Thursday,4,1,January,Q1,2026,False
23,2026-01-23,23,Friday,4,1,January,Q1,2026,False
24,2026-01-24,24,Saturday,4,1,January,Q1,2026,True
25,2026-01-25,25,Sunday,4,1,January,Q1,2026,True
26,2026-01-26,26,Monday,5,1,January,Q1,2026,False
27,2026-01-27,27,Tuesday,5,1,January,Q1,2026,False
28,2026-01-28,28,Wednesday,5,1,January,Q1,2026,False
29,2026-01-29,29,Thursday,5,1,January,Q1,2026,False
30,2026-01-30,30,Friday,5,1,January,Q1,2026,False
31,2026-01-31,31,Saturday,5,1,January,Q1,2026,True
32,2026-02-01,1,Sunday,5,2,February,Q1,2026,True
33,2026-02-02,2,Monday,6,2,February,Q1,2026,False
34,2026-02-03,3,Tuesday,6,2,February,Q1,2026,False
35,2026-02-04,4,Wednesday,6,2,February,Q1,2026,False
36,2026-02-05,5,Thursday,6,2,February,Q1,2026,False
37,2026-02-06,6,Friday,6,2,February,Q1,2026,False
38,2026-02-07,7,Saturday,6,2,February,Q1,2026,True
39,2026-02-08,8,Sunday,6,2,February,Q1,2026,True
40,2026-02-09,9,Monday,7,2,February,Q1,2026,False
41,2026-02-10,10,Tuesday,7,2,February,Q1,2026,False
42,2026-02-11,11,Wednesday,7,2,February,Q1,2026,False
43,2026-02-12,12,Thursday,7,2,February,Q1,2026,False
44,2026-02-13,13,Friday,7,2,February,Q1,2026,False
45,2026-02-14,14,Saturday,7,2,February,Q1,2026,True
46,2026-02-15,15,Sunday,7,2,February,Q1,2026,True
47,2026-02-16,16,Monday,8,2,February,Q1,2026,False
48,2026-02-17,17,Tuesday,8,2,February,Q1,2026,False
49,2026-02-18,18,Wednesday,8,2,February,Q1,2026,False
50,2026-02-19,19,Thursday,8,2,February,Q1,2026,False
51,2026-02-20,20,Friday,8,2,February,Q1,2026,False
52,2026-02-21,21,Saturday,8,2,February,Q1,2026,True
53,2026-02-22,22,Sunday,8,2,February,Q1,2026,True
54,2026-02-23,23,Monday,9,2,February,Q1,2026,False
55,2026-02-24,24,Tuesday,9,2,February,Q1,2026,False
56,2026-02-25,25,Wednesday,9,2,February,Q1,2026,False
57,2026-02-26,26,Thursday,9,2,February,Q1,2026,False
58,2026-02-27,27,Friday,9,2,February,Q1,2026,False
59,2026-02-28,28,Saturday,9,2,February,Q1,2026,True
60,2026-03-01,1,Sunday,9,3,March,Q1,2026,True
61,2026-03-02,2,Monday,10,3,March,Q1,2026,False
62,2026-03-03,3,Tuesday,10,3,March,Q1,2026,False
63,2026-03-04,4,Wednesday,10,3,March,Q1,2026,False
64,2026-03-05,5,Thursday,10,3,March,Q1,2026,False
65,2026-03-06,6,Friday,10,3,March,Q1,2026,False
66,2026-03-07,7,Saturday,10,3,March,Q1,2026,True
67,2026-03-08,8,Sunday,10,3,March,Q1,2026,True
68,2026-03-09,9,Monday,11,3,March,Q1,2026,False
69,2026-03-10,10,Tuesday,11,3,March,Q1,2026,False
70,2026-03-11,11,Wednesday,11,3,March,Q1,2026,False
71,2026-03-12,12,Thursday,11,3,March,Q1,2026,False
72,2026-03-13,13,Friday,11,3,March,Q1,2026,False
73,2026-03-14,14,Saturday,11,3,March,Q1,2026,True
74,2026-03-15,15,Sunday,11,3,March,Q1,2026,True
75,2026-03-16,16,Monday,12,3,March,Q1,2026,False
76,2026-03-17,17,Tuesday,12,3,March,Q1,2026,False
77,2026-03-18,18,Wednesday,12,3,March,Q1,2026,False
78,2026-03-19,19,Thursday,12,3,March,Q1,2026,False
79,2026-03-20,20,Friday,12,3,March,Q1,2026,False
80,2026-03-21,21,Saturday,12,3,March,Q1,2026,True
81,2026-03-22,22,Sunday,12,3,March,Q1,2026,True
82,2026-03-23,23,Monday,13,3,March,Q1,2026,False
83,2026-03-24,24,Tuesday,13,3,March,Q1,2026,False
84,2026-03-25,25,Wednesday,13,3,March,Q1,2026,False
85,2026-03-26,26,Thursday,13,3,March,Q1,2026,False
86,2026-03-27,27,Friday,13,3,March,Q1,2026,False
87,2026-03-28,28,Saturday,13,3,March,Q1,2026,True
88,2026-03-29,29,Sunday,13,3,March,Q1,2026,True
89,2026-03-30,30,Monday,14,3,March,Q1,2026,False
90,2026-03-31,31,Tuesday,14,3,March,Q1,2026,False
91,2026-04-01,1,Wednesday,14,4,April,Q2,2026,False
92,2026-04-02,2,Thursday,14,4,April,Q2,2026,False
93,2026-04-03,3,Friday,14,4,April,Q2,2026,False
94,2026-04-04,4,Saturday,14,4,April,Q2,2026,True
95,2026-04-05,5,Sunday,14,4,April,Q2,2026,True
96,2026-04-06,6,Monday,15,4,April,Q2,2026,False
97,2026-04-07,7,Tuesday,15,4,April,Q2,2026,False
98,2026-04-08,8,Wednesday,15,4,April,Q2,2026,False
99,2026-04-09,9,Thursday,15,4,April,Q2,2026,False
100,2026-04-10,10,Friday,15,4,April,Q2,2026,False
101,2026-04-11,11,Saturday,15,4,April,Q2,2026,True
102,2026-04-12,12,Sunday,15,4,April,Q2,2026,True
103,2026-04-13,13,Monday,16,4,April,Q2,2026,False
104,2026-04-14,14,Tuesday,16,4,April,Q2,2026,False
105,2026-04-15,15,Wednesday,16,4,April,Q2,2026,False
106,2026-04-16,16,Thursday,16,4,April,Q2,2026,False
107,2026-04-17,17,Friday,16,4,April,Q2,2026,False
108,2026-04-18,18,Saturday,16,4,April,Q2,2026,True
109,2026-04-19,19,Sunday,16,4,April,Q2,2026,True
110,2026-04-20,20,Monday,17,4,April,Q2,2026,False
111,2026-04-21,21,Tuesday,17,4,April,Q2,2026,False
112,2026-04-22,22,Wednesday,17,4,April,Q2,2026,False
113,2026-04-23,23,Thursday,17,4,April,Q2,2026,False
114,2026-04-24,24,Friday,17,4,April,Q2,2026,False
115,2026-04-25,25,Saturday,17,4,April,Q2,2026,True
116,2026-04-26,26,Sunday,17,4,April,Q2,2026,True
117,2026-04-27,27,Monday,18,4,April,Q2,2026,False
118,2026-04-28,28,Tuesday,18,4,April,Q2,2026,False
119,2026-04-29,29,Wednesday,18,4,April,Q2,2026,False
120,2026-04-30,30,Thursday,18,4,April,Q2,2026,False
121,2026-05-01,1,Friday,18,5,May,Q2,2026,False
122,2026-05-02,2,Saturday,18,5,May,Q2,2026,True
123,2026-05-03,3,Sunday,18,5,May,Q2,2026,True
124,2026-05-04,4,Monday,19,5,May,Q2,2026,False
125,2026-05-05,5,Tuesday,19,5,May,Q2,2026,False
126,2026-05-06,6,Wednesday,19,5,May,Q2,2026,False
127,2026-05-07,7,Thursday,19,5,May,Q2,2026,False
128,2026-05-08,8,Friday,19,5,May,Q2,2026,False
129,2026-05-09,9,Saturday,19,5,May,Q2,2026,True
130,2026-05-10,10,Sunday,19,5,May,Q2,2026,True
131,2026-05-11,11,Monday,20,5,May,Q2,2026,False
132,2026-05-12,12,Tuesday,20,5,May,Q2,2026,False
133,2026-05-13,13,Wednesday,20,5,May,Q2,2026,False
134,2026-05-14,14,Thursday,20,5,May,Q2,2026,False
135,2026-05-15,15,Friday,20,5,May,Q2,2026,False
136,2026-05-16,16,Saturday,20,5,May,Q2,2026,True
137,2026-05-17,17,Sunday,20,5,May,Q2,2026,True
138,2026-05-18,18,Monday,21,5,May,Q2,2026,False
139,2026-05-19,19,Tuesday,21,5,May,Q2,2026,False
140,2026-05-20,20,Wednesday,21,5,May,Q2,2026,False
141,2026-05-21,21,Thursday,21,5,May,Q2,2026,False
142,2026-05-22,22,Friday,21,5,May,Q2,2026,False
143,2026-05-23,23,Saturday,21,5,May,Q2,2026,True
144,2026-05-24,24,Sunday,21,5,May,Q2,2026,True
145,2026-05-25,25,Monday,22,5,May,Q2,2026,False
146,2026-05-26,26,Tuesday,22,5,May,Q2,2026,False
147,2026-05-27,27,Wednesday,22,5,May,Q2,2026,False
148,2026-05-28,28,Thursday,22,5,May,Q2,2026,False
149,2026-05-29,29,Friday,22,5,May,Q2,2026,False
150,2026-05-30,30,Saturday,22,5,May,Q2,2026,True
151,2026-05-31,31,Sunday,22,5,May,Q2,2026,True
152,2026-06-01,1,Monday,23,6,June,Q2,2026,False
153,2026-06-02,2,Tuesday,23,6,June,Q2,2026,False
154,2026-06-03,3,Wednesday,23,6,June,Q2,2026,False
155,2026-06-04,4,Thursday,23,6,June,Q2,2026,False
156,2026-06-05,5,Friday,23,6,June,Q2,2026,False
157,2026-06-06,6,Saturday,23,6,June,Q2,2026,True
158,2026-06-07,7,Sunday,23,6,June,Q2,2026,True
159,2026-06-08,8,Monday,24,6,June,Q2,2026,False
160,2026-06-09,9,Tuesday,24,6,June,Q2,2026,False
161,2026-06-10,10,Wednesday,24,6,June,Q2,2026,False
162,2026-06-11,11,Thursday,24,6,June,Q2,2026,False
163,2026-06-12,12,Friday,24,6,June,Q2,2026,False
164,2026-06-13,13,Saturday,24,6,June,Q2,2026,True
165,2026-06-14,14,Sunday,24,6,June,Q2,2026,True
166,2026-06-15,15,Monday,25,6,June,Q2,2026,False
167,2026-06-16,16,Tuesday,25,6,June,Q2,2026,False
168,2026-06-17,17,Wednesday,25,6,June,Q2,2026,False
169,2026-06-18,18,Thursday,25,6,June,Q2,2026,False
170,2026-06-19,19,Friday,25,6,June,Q2,2026,False
171,2026-06-20,20,Saturday,25,6,June,Q2,2026,True
172,2026-06-21,21,Sunday,25,6,June,Q2,2026,True
173,2026-06-22,22,Monday,26,6,June,Q2,2026,False
174,2026-06-23,23,Tuesday,26,6,June,Q2,2026,False
175,2026-06-24,24,Wednesday,26,6,June,Q2,2026,False
176,2026-06-25,25,Thursday,26,6,June,Q2,2026,False
177,2026-06-26,26,Friday,26,6,June,Q2,2026,False
178,2026-06-27,27,Saturday,26,6,June,Q2,2026,True
179,2026-06-28,28,Sunday,26,6,June,Q2,2026,True
180,2026-06-29,29,Monday,27,6,June,Q2,2026,False
181,2026-06-30,30,Tuesday,27,6,June,Q2,2026,False
182,2026-07-01,1,Wednesday,27,7,July,Q3,2026,False
183,2026-07-02,2,Thursday,27,7,July,Q3,2026,False
184,2026-07-03,3,Friday,27,7,July,Q3,2026,False
185,2026-07-04,4,Saturday,27,7,July,Q3,2026,True
186,2026-07-05,5,Sunday,27,7,July,Q3,2026,True
187,2026-07-06,6,Monday,28,7,July,Q3,2026,False
188,2026-07-07,7,Tuesday,28,7,July,Q3,2026,False
189,2026-07-08,8,Wednesday,28,7,July,Q3,2026,False
190,2026-07-09,9,Thursday,28,7,July,Q3,2026,False
191,2026-07-10,10,Friday,28,7,July,Q3,2026,False
192,2026-07-11,11,Saturday,28,7,July,Q3,2026,True
193,2026-07-12,12,Sunday,28,7,July,Q3,2026,True
194,2026-07-13,13,Monday,29,7,July,Q3,2026,False
195,2026-07-14,14,Tuesday,29,7,July,Q3,2026,False
196,2026-07-15,15,Wednesday,29,7,July,Q3,2026,False
197,2026-07-16,16,Thursday,29,7,July,Q3,2026,False
198,2026-07-17,17,Friday,29,7,July,Q3,2026,False
199,2026-07-18,18,Saturday,29,7,July,Q3,2026,True
200,2026-07-19,19,Sunday,29,7,July,Q3,2026,True
201,2026-07-20,20,Monday,30,7,July,Q3,2026,False
202,2026-07-21,21,Tuesday,30,7,July,Q3,2026,False
203,2026-07-22,22,Wednesday,30,7,July,Q3,2026,False
204,2026-07-23,23,Thursday,30,7,July,Q3,2026,False
205,2026-07-24,24,Friday,30,7,July,Q3,2026,False
206,2026-07-25,25,Saturday,30,7,July,Q3,2026,True
207,2026-07-26,26,Sunday,30,7,July,Q3,2026,True
208,2026-07-27,27,Monday,31,7,July,Q3,2026,False
209,2026-07-28,28,Tuesday,31,7,July,Q3,2026,False
210,2026-07-29,29,Wednesday,31,7,July,Q3,2026,False
211,2026-07-30,30,Thursday,31,7,July,Q3,2026,False
212,2026-07-31,31,Friday,31,7,July,Q3,2026,False
213,2026-08-01,1,Saturday,31,8,August,Q3,2026,True
214,2026-08-02,2,Sunday,31,8,August,Q3,2026,True
215,2026-08-03,3,Monday,32,8,August,Q3,2026,False
216,2026-08-04,4,Tuesday,32,8,August,Q3,2026,False
217,2026-08-05,5,Wednesday,32,8,August,Q3,2026,False
218,2026-08-06,6,Thursday,32,8,August,Q3,2026,False
219,2026-08-07,7,Friday,32,8,August,Q3,2026,False
220,2026-08-08,8,Saturday,32,8,August,Q3,2026,True
221,2026-08-09,9,Sunday,32,8,August,Q3,2026,True
222,2026-08-10,10,Monday,33,8,August,Q3,2026,False
223,2026-08-11,11,Tuesday,33,8,August,Q3,2026,False
224,2026-08-12,12,Wednesday,33,8,August,Q3,2026,False
225,2026-08-13,13,Thursday,33,8,August,Q3,2026,False
226,2026-08-14,14,Friday,33,8,August,Q3,2026,False
227,2026-08-15,15,Saturday,33,8,August,Q3,2026,True
228,2026-08-16,16,Sunday,33,8,August,Q3,2026,True
229,2026-08-17,17,Monday,34,8,August,Q3,2026,False
230,2026-08-18,18,Tuesday,34,8,August,Q3,2026,False
231,2026-08-19,19,Wednesday,34,8,August,Q3,2026,False
232,2026-08-20,20,Thursday,34,8,August,Q3,2026,False
233,2026-08-21,21,Friday,34,8,August,Q3,2026,False
234,2026-08-22,22,Saturday,34,8,August,Q3,2026,True
235,2026-08-23,23,Sunday,34,8,August,Q3,2026,True
236,2026-08-24,24,Monday,35,8,August,Q3,2026,False
237,2026-08-25,25,Tuesday,35,8,August,Q3,2026,False
238,2026-08-26,26,Wednesday,35,8,August,Q3,2026,False
239,2026-08-27,27,Thursday,35,8,August,Q3,2026,False
240,2026-08-28,28,Friday,35,8,August,Q3,2026,False
241,2026-08-29,29,Saturday,35,8,August,Q3,2026,True
242,2026-08-30,30,Sunday,35,8,August,Q3,2026,True
243,2026-08-31,31,Monday,36,8,August,Q3,2026,False
244,2026-09-01,1,Tuesday,36,9,September,Q3,2026,False
245,2026-09-02,2,Wednesday,36,9,September,Q3,2026,False
246,2026-09-03,3,Thursday,36,9,September,Q3,2026,False
247,2026-09-04,4,Friday,36,9,September,Q3,2026,False
248,2026-09-05,5,Saturday,36,9,September,Q3,2026,True
249,2026-09-06,6,Sunday,36,9,September,Q3,2026,True
250,2026-09-07,7,Monday,37,9,September,Q3,2026,False
251,2026-09-08,8,Tuesday,37,9,September,Q3,2026,False
252,2026-09-09,9,Wednesday,37,9,September,Q3,2026,False
253,2026-09-10,10,Thursday,37,9,September,Q3,2026,False
254,2026-09-11,11,Friday,37,9,September,Q3,2026,False
255,2026-09-12,12,Saturday,37,9,September,Q3,2026,True
256,2026-09-13,13,Sunday,37,9,September,Q3,2026,True
257,2026-09-14,14,Monday,38,9,September,Q3,2026,False
258,2026-09-15,15,Tuesday,38,9,September,Q3,2026,False
259,2026-09-16,16,Wednesday,38,9,September,Q3,2026,False
260,2026-09-17,17,Thursday,38,9,September,Q3,2026,False
261,2026-09-18,18,Friday,38,9,September,Q3,2026,False
262,2026-09-19,19,Saturday,38,9,September,Q3,2026,True
263,2026-09-20,20,Sunday,38,9,September,Q3,2026,True
264,2026-09-21,21,Monday,39,9,September,Q3,2026,False
265,2026-09-22,22,Tuesday,39,9,September,Q3,2026,False
266,2026-09-23,23,Wednesday,39,9,September,Q3,2026,False
267,2026-09-24,24,Thursday,39,9,September,Q3,2026,False
268,2026-09-25,25,Friday,39,9,September,Q3,2026,False
269,2026-09-26,26,Saturday,39,9,September,Q3,2026,True
270,2026-09-27,27,Sunday,39,9,September,Q3,2026,True
271,2026-09-28,28,Monday,40,9,September,Q3,2026,False
272,2026-09-29,29,Tuesday,40,9,September,Q3,2026,False
273,2026-09-30,30,Wednesday,40,9,September,Q3,2026,False
274,2026-10-01,1,Thursday,40,10,October,Q4,2026,False
275,2026-10-02,2,Friday,40,10,October,Q4,2026,False
276,2026-10-03,3,Saturday,40,10,October,Q4,2026,True
277,2026-10-04,4,Sunday,40,10,October,Q4,2026,True
278,2026-10-05,5,Monday,41,10,October,Q4,2026,False
279,2026-10-06,6,Tuesday,41,10,October,Q4,2026,False
280,2026-10-07,7,Wednesday,41,10,October,Q4,2026,False
281,2026-10-08,8,Thursday,41,10,October,Q4,2026,False
282,2026-10-09,9,Friday,41,10,October,Q4,2026,False
283,2026-10-10,10,Saturday,41,10,October,Q4,2026,True
284,2026-10-11,11,Sunday,41,10,October,Q4,2026,True
285,2026-10-12,12,Monday,42,10,October,Q4,2026,False
286,2026-10-13,13,Tuesday,42,10,October,Q4,2026,False
287,2026-10-14,14,Wednesday,42,10,October,Q4,2026,False
288,2026-10-15,15,Thursday,42,10,October,Q4,2026,False
289,2026-10-16,16,Friday,42,10,October,Q4,2026,False
290,2026-10-17,17,Saturday,42,10,October,Q4,2026,True
291,2026-10-18,18,Sunday,42,10,October,Q4,2026,True
292,2026-10-19,19,Monday,43,10,October,Q4,2026,False
293,2026-10-20,20,Tuesday,43,10,October,Q4,2026,False
294,2026-10-21,21,Wednesday,43,10,October,Q4,2026,False
295,2026-10-22,22,Thursday,43,10,October,Q4,2026,False
296,2026-10-23,23,Friday,43,10,October,Q4,2026,False
297,2026-10-24,24,Saturday,43,10,October,Q4,2026,True
298,2026-10-25,25,Sunday,43,10,October,Q4,2026,True
299,2026-10-26,26,Monday,44,10,October,Q4,2026,False
300,2026-10-27,27,Tuesday,44,10,October,Q4,2026,False
301,2026-10-28,28,Wednesday,44,10,October,Q4,2026,False
302,2026-10-29,29,Thursday,44,10,October,Q4,2026,False
303,2026-10-30,30,Friday,44,10,October,Q4,2026,False
304,2026-10-31,31,Saturday,44,10,October,Q4,2026,True
305,2026-11-01,1,Sunday,44,11,November,Q4,2026,True
306,2026-11-02,2,Monday,45,11,November,Q4,2026,False
307,2026-11-03,3,Tuesday,45,11,November,Q4,2026,False
308,2026-11-04,4,Wednesday,45,11,November,Q4,2026,False
309,2026-11-05,5,Thursday,45,11,November,Q4,2026,False
310,2026-11-06,6,Friday,45,11,November,Q4,2026,False
311,2026-11-07,7,Saturday,45,11,November,Q4,2026,True
312,2026-11-08,8,Sunday,45,11,November,Q4,2026,True
313,2026-11-09,9,Monday,46,11,November,Q4,2026,False
314,2026-11-10,10,Tuesday,46,11,November,Q4,2026,False
315,2026-11-11,11,Wednesday,46,11,November,Q4,2026,False
316,2026-11-12,12,Thursday,46,11,November,Q4,2026,False
317,2026-11-13,13,Friday,46,11,November,Q4,2026,False
318,2026-11-14,14,Saturday,46,11,November,Q4,2026,True
319,2026-11-15,15,Sunday,46,11,November,Q4,2026,True
320,2026-11-16,16,Monday,47,11,November,Q4,2026,False
321,2026-11-17,17,Tuesday,47,11,November,Q4,2026,False
322,2026-11-18,18,Wednesday,47,11,November,Q4,2026,False
323,2026-11-19,19,Thursday,47,11,November,Q4,2026,False
324,2026-11-20,20,Friday,47,11,November,Q4,2026,False
325,2026-11-21,21,Saturday,47,11,November,Q4,2026,True
326,2026-11-22,22,Sunday,47,11,November,Q4,2026,True
327,2026-11-23,23,Monday,48,11,November,Q4,2026,False
328,2026-11-24,24,Tuesday,48,11,November,Q4,2026,False
329,2026-11-25,25,Wednesday,48,11,November,Q4,2026,False
330,2026-11-26,26,Thursday,48,11,November,Q4,2026,False
331,2026-11-27,27,Friday,48,11,November,Q4,2026,False
332,2026-11-28,28,Saturday,48,11,November,Q4,2026,True
333,2026-11-29,29,Sunday,48,11,November,Q4,2026,True
334,2026-11-30,30,Monday,49,11,November,Q4,2026,False
335,2026-12-01,1,Tuesday,49,12,December,Q4,2026,False
336,2026-12-02,2,Wednesday,49,12,December,Q4,2026,False
337,2026-12-03,3,Thursday,49,12,December,Q4,2026,False
338,2026-12-04,4,Friday,49,12,December,Q4,2026,False
339,2026-12-05,5,Saturday,49,12,December,Q4,2026,True
340,2026-12-06,6,Sunday,49,12,December,Q4,2026,True
341,2026-12-07,7,Monday,50,12,December,Q4,2026,False
342,2026-12-08,8,Tuesday,50,12,December,Q4,2026,False
343,2026-12-09,9,Wednesday,50,12,December,Q4,2026,False
344,2026-12-10,10,Thursday,50,12,December,Q4,2026,False
345,2026-12-11,11,Friday,50,12,December,Q4,2026,False
346,2026-12-12,12,Saturday,50,12,December,Q4,2026,True
347,2026-12-13,13,Sunday,50,12,December,Q4,2026,True
348,2026-12-14,14,Monday,51,12,December,Q4,2026,False
349,2026-12-15,15,Tuesday,51,12,December,Q4,2026,False
350,2026-12-16,16,Wednesday,51,12,December,Q4,2026,False
351,2026-12-17,17,Thursday,51,12,December,Q4,2026,False
352,2026-12-18,18,Friday,51,12,December,Q4,2026,False
353,2026-12-19,19,Saturday,51,12,December,Q4,2026,True
354,2026-12-20,20,Sunday,51,12,December,Q4,2026,True
355,2026-12-21,21,Monday,52,12,December,Q4,2026,False
356,2026-12-22,22,Tuesday,52,12,December,Q4,2026,False
357,2026-12-23,23,Wednesday,52,12,December,Q4,2026,False
358,2026-12-24,24,Thursday,52,12,December,Q4,2026,False
359,2026-12-25,25,Friday,52,12,December,Q4,2026,False
360,2026-12-26,26,Saturday,52,12,December,Q4,2026,True
361,2026-12-27,27,Sunday,52,12,December,Q4,2026,True
362,2026-12-28,28,Monday,53,12,December,Q4,2026,False
363,2026-12-29,29,Tuesday,53,12,December,Q4,2026,False
364,2026-12-30,30,Wednesday,53,12,December,Q4,2026,False
365,2026-12-31,31,Thursday,53,12,December,Q4,2026,False
